{"stats":{"minecraft:custom":{"minecraft:jump":83,"minecraft:time_since_rest":25211,"minecraft:leave_game":1,"minecraft:walk_on_water_one_cm":350,"minecraft:crouch_one_cm":132,"minecraft:sprint_one_cm":14012,"minecraft:play_time":25211,"minecraft:time_since_death":25211,"minecraft:walk_one_cm":15420,"minecraft:sneak_time":355,"minecraft:total_world_time":25211,"minecraft:walk_under_water_one_cm":277,"minecraft:fly_one_cm":95003},"minecraft:used":{"minecraft:map":1,"minecraft:crossbow":1,"alexsmobs:animal_dictionary":3,"minecraft:bow":1}},"DataVersion":3465}