{"stats":{"minecraft:custom":{"minecraft:jump":36,"minecraft:time_since_rest":13576,"minecraft:leave_game":1,"minecraft:sprint_one_cm":6594,"minecraft:play_time":13576,"minecraft:time_since_death":13576,"minecraft:walk_one_cm":11968,"minecraft:total_world_time":13576,"minecraft:fly_one_cm":49736},"minecraft:used":{"spartanweaponry:diamond_longbow":1,"soulsweapons:darkmoon_longbow":1,"soulsweapons:hunter_cannon":95,"soulsweapons:hunter_pistol":13,"soulsweapons:gatling_gun":21,"spartanweaponry:diamond_dagger":1,"soulsweapons:galeforce":1,"spartanweaponry:diamond_boomerang":5,"soulsweapons:blunderbuss":3}},"DataVersion":3465}