{
  "alexsmobs:alexsmobs/root": {
    "criteria": {
      "useitem": "2024-09-08 20:37:21 +0000"
    },
    "done": true
  },
  "minecraft:recipes/decorations/crafting_table": {
    "criteria": {
      "unlock_right_away": "2024-09-08 20:32:57 +0000"
    },
    "done": true
  },
  "biomesoplenty:biomesoplenty/all_biomes": {
    "criteria": {
      "cold_desert": "2024-09-08 20:36:45 +0000",
      "coniferous_forest": "2024-09-08 20:32:57 +0000",
      "snowy_coniferous_forest": "2024-09-08 20:33:36 +0000"
    },
    "done": false
  },
  "minecraft:husbandry/root": {
    "criteria": {
      "consumed_item": "2024-09-08 20:37:21 +0000"
    },
    "done": true
  },
  "betterdeserttemples:root": {
    "criteria": {
      "always": "2024-09-08 20:32:57 +0000"
    },
    "done": true
  },
  "minecraft:adventure/ol_betsy": {
    "criteria": {
      "shot_crossbow": "2024-09-08 20:37:52 +0000"
    },
    "done": true
  },
  "securitycraft:recipes/redstone/reinforced_dispenser": {
    "criteria": {
      "has_bow": "2024-09-08 20:37:31 +0000"
    },
    "done": true
  },
  "iceandfire:iceandfire/root": {
    "criteria": {
      "tick": "2024-09-08 20:32:57 +0000"
    },
    "done": true
  },
  "biomesoplenty:biomesoplenty/root": {
    "criteria": {
      "coniferous_forest": "2024-09-08 20:32:57 +0000"
    },
    "done": true
  },
  "minecraft:recipes/redstone/dispenser": {
    "criteria": {
      "has_bow": "2024-09-08 20:37:31 +0000"
    },
    "done": true
  },
  "betterdungeons:root": {
    "criteria": {
      "always": "2024-09-08 20:32:57 +0000"
    },
    "done": true
  },
  "minecraft:adventure/adventuring_time": {
    "criteria": {
      "minecraft:frozen_river": "2024-09-08 20:41:51 +0000",
      "minecraft:windswept_hills": "2024-09-08 20:48:53 +0000",
      "minecraft:snowy_plains": "2024-09-08 20:36:49 +0000",
      "minecraft:forest": "2024-09-08 20:48:48 +0000"
    },
    "done": false
  },
  "born_in_chaos_v1:bornin_chaos": {
    "criteria": {
      "bornin_chaos_0": "2024-09-08 20:32:57 +0000"
    },
    "done": true
  },
  "DataVersion": 3465
}